id,text,label,source,notes
1,"Why do you think sex and nudity have largely disappeared from mainstream theatrical movies?",question,reddit_thread,OP post - clear question framing
2,"I just watched Don't Look Now and it got me thinking about how much more common sex and nudity used to be in mainstream movies.",reaction,reddit_thread,Personal viewing experience triggering reflection
3,"Have audience tastes changed? Is it a ratings issue? Are studios avoiding it because of the global box office? Has adult-oriented storytelling largely moved to television and streaming?",question,reddit_thread,Series of analytical questions from OP
4,"Internet porn — the market of 'teenage boys who have no other ways to see boobs on a screen' has been diverted somewhat which I think has hit the hard-R action and comedy markets particularly hard.",hot_take,reddit_thread,Causal argument with no personal film experience cited
5,"TV! Middlebrow exploitation largely moved to the small screen. Game of Thrones and its spinoffs Westworld Euphoria.",hot_take,reddit_thread,Industry-level claim without personal reaction
6,"Mainstream Hollywood movies are chasing international audiences more than they were 50 years ago and a lot of other countries have stricter laws about exhibition of nudity.",hot_take,reddit_thread,Structural argument about industry forces
7,"Anora is a recent movie that would have fit in pretty well with that sexy New Hollywood milieu and it won a ton of accolades including Best Pic but it still didn't really penetrate into the mainstream because it didn't have a genre hook.",hot_take,reddit_thread,Specific film example used to support broader industry argument
8,"Something else I haven't seen mentioned here is the way that clips are passed around now has changed with the advent of the internet.",hot_take,reddit_thread,Novel structural argument not yet raised in thread
9,"I heard Timothy Olyphant on a podcast talking about how he preferred not to do nudity because the clips just get snipped out of context and passed around and he wasn't comfortable with it.",hot_take,reddit_thread,Citing external source to support argument about actor behavior
10,"I remember an interview where Deborah Ann Woll said the exact same thing - she wouldn't do nudity on film not because she had any problems with nudity but because in the internet age she knew it'd be clipped and posted out of context on websites as if it were porn.",hot_take,reddit_thread,Corroborating evidence for clip-culture argument
11,"I remember back when the mini series Normal People came out it was a huge scandal that someone had clipped up all the sex scenes from the entire show and posted it as one long video on Pornhub.",reaction,reddit_thread,Personal memory of a media event - emotional/experiential framing
12,"Hollywood is still pretty male dominated but wow did it really used to be male dominated. I think in the past a bunch of guys writing scenes where girls get naked and everyone in the room is like yeah lets do it.",hot_take,reddit_thread,Industry power-dynamics argument
13,"I worked in Hollywood in development and production for 25 years. The way you describe things has a ton to do with why there's less sex and nudity in movies.",reaction,reddit_thread,Personal professional experience used as basis for agreement
14,"Producers and filmmakers of yesteryear were almost all dudes and got their rocks off with dominance over female performers.",hot_take,reddit_thread,Strong claim about industry culture - opinion not personal viewing
15,"The global market is a massive part of the break-even calculation if you want your movie to do well in China the middle-east and South-east Asia you need to make movies that don't upset their censors.",hot_take,reddit_thread,Economic argument about global distribution
16,"Oh yeah I remember I was stationed in Bahrain in 2012 and I saw Skyfall in the theater... they edited the sex scene completely out. Weird watching a James Bond movie with no sex.",reaction,reddit_thread,First-person specific memory of watching a film
17,"If you attend international film festivals personally I try to hit Palm Springs every year you will notice much more artistic use of nudity than in major U.S. films.",reaction,reddit_thread,Personal festival-going experience
18,"Belgian French Japanese Korean Spanish Nordic and even Indian and Iranian films all tend to have more nudity of the sort you're describing.",hot_take,reddit_thread,Comparative claim about global cinema - not personal reaction
19,"German culture's emphasis on social liberation around nudity is partly a conscious effort at permanently abandoning the sort of cultural and artistic conservatism of both the late 19th century and the Third Reich.",hot_take,reddit_thread,Cultural-historical argument
20,"America does retain a puritanical impulse that goes back to before the nation's founding.",hot_take,reddit_thread,Broad cultural claim with historical framing
21,"I think the 1970s is key here because that's the era when American film broke with the Hollywood studio system and became unusually auteur-driven.",hot_take,reddit_thread,Periodization argument about film history
22,"I recently rewatched Deliverance a staple of that period and was struck by how thoroughly it resists the impulse to make a hero—or even an antihero—out of any of its characters.",reaction,reddit_thread,Personal rewatch experience with a specific film observation
23,"I also wonder whether the AIDS crisis deserves more attention in this discussion than it typically receives.",hot_take,reddit_thread,Proposes underexplored causal factor - analytical framing
24,"The arrival of AIDS did not simply alter behavior it changed the emotional and symbolic meaning of sex in American life.",hot_take,reddit_thread,Broad cultural argument - no personal viewing cited
25,"I can think of very few nudity scenes where the nudity was really relevant and didn't seem to me like it was thrown in to add something to the movie appeal to demographics.",hot_take,reddit_thread,Aesthetic judgment about use of nudity in film broadly
26,"If you want to see sex you can see any kind you want any time of day for free from a device in your pocket. So sex scenes in movies aren't really that appealing anymore.",hot_take,reddit_thread,Supply-and-demand argument about audience behavior
27,"If you want to see combat you can watch clips of the Ukraine war. This idea ignores the fact that every aspect of life shown on film can have narrative meaning and importance.",hot_take,reddit_thread,Counter-argument using analogy - rhetorical/analytical
28,"Seeing a nude when I was a kid I am 60 was impossible and seeing an R rated movie with some nudity was a big deal. Now who cares when you have xhamster.",reaction,reddit_thread,Personal generational experience with explicit contrast to present
29,"I feel like Challengers kinda proves this point. The movie marketed itself as this risqué erotic drama that suggested we were going to get a steamy threesome scene... then the movie came out and we did not really get that.",reaction,reddit_thread,Personal viewing experience of a specific recent film
30,"The growing popularity of steamy romantasy novels also suggests that there's certainly an interest but studios are not putting that into theaters.",hot_take,reddit_thread,Cross-medium argument about audience desire
31,"What's the last mainstream movie that had full frontal nudity or any nudity that you saw in the theater?",question,reddit_thread,Direct question to community asking for examples
32,"How do you define mainstream?",question,reddit_thread,Clarifying question challenging a definition
33,"MeToo had its in many cases transient successes but I think actually what you're seeing is market integration.",hot_take,reddit_thread,Reframe of a social movement through economic lens
34,"You used to have big releases overtly targeting men and big releases overtly targeting women which meant more testosterone action/exploitation stuff and also more romance/drama films. Now everything is four-quadrant.",hot_take,reddit_thread,Historical industry structure argument
35,"Think of the explosion of pent-up demand unleashed by Barbie which was pretty much a kiddie-sphere girls' movie with adult crossover appeal.",hot_take,reddit_thread,Single film used as evidence for market argument
36,"Sex was completely forbidden in movies and TV for decades so once that barrier was broken it was a free-for-all and basically showing off that you could show sex.",hot_take,reddit_thread,Historical regulatory argument - no personal film experience
37,"Women started raising hell about the overt objectification and the entire rapey-ness of it all big stars started saying no to nude scenes and sex scenes.",hot_take,reddit_thread,Social movement argument about actor agency
38,"It got boring was seen as filler and laziness - yes grown-ups have sex this couple who started dating are going to have sex and no we don't need to see that.",hot_take,reddit_thread,Aesthetic/audience-attention argument
39,"Film buffs of the under-30 crowd have been claiming nudity adds nothing to the story for fifteen years.",hot_take,reddit_thread,Generational audience behavior claim
40,"Once again the Europeans have it right. A lot of the European nudity seems to just be realistic not necessarily sexual.",hot_take,reddit_thread,Cross-cultural comparison - no personal viewing cited
41,"I saw Barry Keoghan stick his dick in the dirt and hump a fresh grave a couple years ago. I'm not convinced sex and nudity have disappeared.",reaction,reddit_thread,Strong personal viewing memory used to challenge OP premise
42,"Maybe we don't have gratuitous breasts being flashed in every action movie but that was never really sex anyway just titties.",hot_take,reddit_thread,Definitional reframe of what counts as meaningful nudity
43,"To support this argument we'd need to know the total number of films featuring nudity that were produced and compare that to the total number of films that were produced without nudity in both time frames.",hot_take,reddit_thread,Methodological critique - survivorship bias argument
44,"Intimate scenes and nudity cost extra. Actors don't really want to do them and more famous actors flat out refuse such roles. But then studios figured out they can make movies without any of that and people will still watch them.",hot_take,reddit_thread,Economic/practical production argument
45,"I'd really like to think that this is related to women getting more power in Hollywood and being able to draw firmer boundaries along with more female directors.",hot_take,reddit_thread,Power-dynamics argument framed as hope not certainty
46,"Is it possible that intimacy coordinators are making studios less interested in including sex scenes at all?",question,synthetic,Boundary case - sounds like a question but could be rhetorical hot_take
47,"The real question is what percent of studio movies are rated R now versus in previous eras. It's 20% now but double that back in the 80s and 90s.",hot_take,reddit_thread,Statistical argument - analytical not personal
48,"Lena Headey's famous Walk of Shame on Game of Thrones was actually performed by Rebecca Van Cleave her body double and then digitally edited to attach Headey's face.",hot_take,reddit_thread,Specific factual claim used to make broader argument about artistic integrity
49,"I think it's perfectly fine to choose not to do nudity as an artist but there's something a bit cowardly about having someone else stand in for you who then receives none of the credit.",hot_take,reddit_thread,Ethical/aesthetic judgment - no personal viewing reaction
50,"Rebecca is also 14 years younger than Lena so it detracts from the realism of the scene and contributes to unrealistic body standards.",hot_take,reddit_thread,Normative critique of casting/production practice
51,"I watched Poor Things last year and honestly the nudity felt completely natural — it never once took me out of the story.",reaction,synthetic,Boundary case: personal reaction but leans analytical
52,"Don't you think it's a bit contradictory that we claim to be more progressive now but movies have actually gotten more prudish about the human body?",question,synthetic,Boundary case: question but contains embedded hot_take
53,"Saltburn made me deeply uncomfortable and I think that discomfort was exactly the point — it used nudity and sex to create vulnerability not titillation.",reaction,synthetic,Boundary case: personal reaction with analytical overlay
54,"Wouldn't it be more accurate to say nudity has moved to prestige streaming rather than disappeared entirely?",question,synthetic,Boundary question: reframes OP's premise as a counter-argument
55,"I feel like the reason Challengers worked despite not showing much is because Guadagnino understands that anticipation IS the erotic charge.",reaction,synthetic,Boundary case: personal response to film but strongly analytical
56,"The decline of the erotic thriller as a genre tells you everything you need to know about how Hollywood views female desire.",hot_take,synthetic,Clear hot_take: broad genre argument with no personal film reaction
57,"Every time I watch an older film like Shampoo or Klute I'm struck by how matter-of-fact the sexuality is — it's just part of adult life not a plot event.",reaction,synthetic,Boundary case: personal viewing memory but used to make broader point
58,"Do you think streaming algorithms are partly responsible because they optimize for rewatch-ability and sex scenes get skipped?",question,synthetic,Clear question with a hypothesis embedded
59,"I watched the first season of Euphoria when it came out and found the nudity genuinely confrontational in a way that felt necessary — by season three it just felt like habit.",reaction,synthetic,Strong reaction with comparative viewing across time
60,"The real issue isn't nudity it's that Hollywood has lost the ability to depict adult desire as anything other than either a joke or a threat.",hot_take,synthetic,Broad aesthetic/cultural claim - clear hot_take
61,"Movies are like time machines except they only go backwards.",hot_take,reddit_thread2,Bold declarative claim about cinema's relationship with time - no personal viewing cited
62,"Editing changes what time even is on screen. It breaks it apart and puts it back together in a form that feels continuous even when it isn't.",hot_take,reddit_thread2,Analytical claim about editing as a formal tool
63,"Stranger Things makes that process more visible. It doesn't recreate the 1980s as they were lived. It recreates how earlier films and pop culture framed that decade.",hot_take,reddit_thread2,Critique of a specific show's approach to nostalgia - analytical not personal reaction
64,"People who never lived through the 80s still feel nostalgic for it which says a lot about what's actually being remembered.",hot_take,reddit_thread2,Cultural observation about mediated nostalgia
65,"VHS grain tracking lines low quality footage get used on purpose now to signal authenticity. It doesn't recreate the past it recreates the feeling of having seen the past through media.",hot_take,reddit_thread2,Aesthetic argument about manufactured authenticity
66,"Both the Bride and Frank are literally built to fill someone else's void and the film keeps asking what does that do to your mind when you were created as a solution to someone else's loneliness.",reaction,reddit_thread2,Personal interpretive response to The Bride! - first person analytical framing
67,"Frank's loneliness is slow and chronic. The Bride's loneliness is more immediate and explosive.",hot_take,reddit_thread2,Character comparison claim - analytical not personal viewing reaction
68,"That feels very 2026 to me: a world where we're more connected than ever and still drowning in isolation where people will accept bad terms bad relationships bad politics just to not be alone.",reaction,reddit_thread2,Personal resonance with themes of The Bride! connecting film to present moment
69,"The film lets that need be pathetic frightening and weirdly tender at the same time. The real horror is the depth of loneliness and society's reaction to it.",hot_take,reddit_thread2,Thematic argument about what the film is really doing
70,"I am a sucker for the comedy genre and I've noticed over the past maybe decade there hasn't been many options like there were in the 90s and 2000s.",reaction,reddit_thread2,Personal genre preference expressed with nostalgic comparison
71,"When I think about these junk food movies meant to be enjoyed with a joint and some beers amongst your friends there are almost no newer options I can think of.",reaction,reddit_thread2,Personal social viewing experience tied to a genre
72,"It feels like so many new movies are trying to either be huge blockbuster epics OR something seriously artistic and meaningful when I really have a desire for something silly.",hot_take,reddit_thread2,Industry observation about polarization of film output
73,"Am I simply missing them? Is the demand really not there? Are studios just not making them?",question,reddit_thread2,Series of clarifying questions about comedy genre decline
74,"Marvel movies have the fame of being bad movies - as a long time marvel fan I want to ask do you really think they're plain bad as many claim?",question,reddit_thread2,Direct question to community challenging a common consensus
75,"I started analyzing more critically and seriously films a couple of years ago and maybe the fact I enjoyed many of the marvel movies is because I watched them as a kid.",reaction,reddit_thread2,Personal development as a film viewer tied to nostalgia
76,"I remember enjoying most of them when they came out. One of the most recent ones I remember not liking at all was Captain America: Brave New World but the last one that came out which was F4 I enjoyed it.",reaction,reddit_thread2,Personal viewing log comparing recent Marvel films
77,"If I like marvel movies does that mean I have a bad film taste or judgement?",question,reddit_thread2,Personal anxiety question about taste and critical legitimacy
78,"I truly believe they have an artistic value and are real cinema despite many people claiming they're not.",hot_take,reddit_thread2,Normative claim defending Marvel's legitimacy as cinema
79,"For me it was A24's Undertone. Yes it's a technical marvel in audio design but visually fell flat.",reaction,reddit_thread2,Personal verdict on a specific recent film with mixed assessment
80,"It dragged in the beginning middle and the end wasn't all that great. Dunno it just failed to hook.",reaction,reddit_thread2,Personal pacing reaction to a specific film
81,"2026 might be a great year for film still but the ones I keep seeing keep missing the mark.",reaction,reddit_thread2,Personal running verdict on current year's output
82,"One of the biggest pleasures in contemporary film was realizing part way through that Fincher's The Killer 2023 was a satire.",reaction,reddit_thread2,Personal mid-viewing discovery described as pleasurable
83,"Fassbender's character is constantly arrogantly wrong and internet meme trite in his self-talk.",hot_take,reddit_thread2,Character analysis used to support satire reading
84,"The killer is a successful gig-economy worker who lives the fantasy beach house dream. But he's totally lame.",hot_take,reddit_thread2,Interpretive claim about character as social critique
85,"It's a very very subtle Inspector Clouseau. He's a bourgeois killer like if that ultra flexible guy in your yoga class was also an international assassin.",hot_take,reddit_thread2,Analogy-driven character argument - witty analytical framing
86,"The satire key really unlocks this film a correction perhaps of how many who loved Fight Club did not realize it was satire about toxic masculinity.",hot_take,reddit_thread2,Comparative argument linking two films' satirical registers
87,"If you enjoyed The Killer and haven't seen The American do - it's a pretty good slow burn beautiful film in its own right.",reaction,reddit_thread2,Personal recommendation based on viewing experience
88,"Just watched this for the first time last night and I was truly enamored by it. The fairytale quality to it the dichotomy between Ms. Cooper and Powell John as a character.",reaction,reddit_thread2,First viewing reaction to Night of the Hunter - strong positive personal response
89,"One very simple shot which really has left me in wonder is a simple fade transition starting with a pan up to a starlit cloudless night into a splendid sunrise from behind clouds.",reaction,reddit_thread2,Specific shot described with personal sense of wonder
90,"How could they achieve this effect without a reference object through which I could compare perspective?",question,reddit_thread2,Technical question about a specific filmmaking technique
91,"Dunkirk is about survival. We are dropped directly into the streets of Dunkirk.",reaction,reddit_thread2,Personal framing of Dunkirk's core theme from a 4th rewatch
92,"Nolan makes a tremendous job of putting you in the shoes of those soldiers and you feel the horror that one might go through in those moments.",reaction,reddit_thread2,Experiential reaction to Nolan's immersive technique
93,"Dialogue writing has been one of the weakest aspects of Nolan's filmmaking - poor dialogues hold back Interstellar from being a masterpiece.",hot_take,reddit_thread2,Critical opinion about a specific directorial weakness across films
94,"Dunkirk is not all grim. You see people trying to help others even when pushed to their limits.",reaction,reddit_thread2,Personal observation about film's moral texture during viewing
95,"I'm curious about where Wes Anderson is pulling his literary references from - it feels like there's a ton of books that inspire his stories in less than obvious ways.",question,reddit_thread2,Open inquiry question about a director's influences
96,"JD Salinger's stories about the Glass family seem like a big reference point for The Royal Tenenbaums and Stefan Zweig seems to be the touchstone for the writer in The Grand Budapest Hotel.",hot_take,reddit_thread2,Specific intertextual claim about literary sources
97,"Can anyone think of some others?",question,reddit_thread2,Direct question soliciting community knowledge
98,"I love old silent films. I was practically raised on Charlie Chaplin and Buster Keaton. I say this to show that I'm not biased against silent movies.",reaction,reddit_thread2,Personal film history used to establish credibility before a critique
99,"I recently watched Sunrise: A Song of Two Humans and I couldn't really understand why this was considered one of the all-time great silent movies. It left kind of a bitter taste in my mouth.",reaction,reddit_thread2,Personal negative reaction to a canonical film
100,"This part of the movie had me glued to my seat. The tension was palpable and the acting was superb.",reaction,reddit_thread2,Visceral in-the-moment viewing reaction to a specific sequence
101,"After they reconcile the next 20-30 minutes are of the couple enjoying a night in the city and the movie goes from being a dark suspenseful thriller to being a light romantic comedy.",hot_take,reddit_thread2,Genre-shift observation used as a structural critique
102,"I'm probably looking at this way too moralistically but that was truly all I could think of.",reaction,reddit_thread2,Personal self-aware acknowledgment of one's own viewing bias
103,"Does that really make this movie worthy of being a classic?",question,reddit_thread2,Genuine challenge to canonical status of a film
104,"Caught this on BFI Player last night. It was a fairly casual viewing of work that's new to me. I soon found I was witnessing something quite special different and thought provoking.",reaction,reddit_thread2,First encounter with a film described with escalating engagement
105,"The film is making important worthwhile even necessary commentary about the energy of the libido.",hot_take,reddit_thread2,Thematic argument about what The Untamed is doing
106,"Many seem to have been disappointed with the kitchen sink domestic relations focus. These viewers feel there was a missed opportunity to lean into the tentacle sex.",hot_take,reddit_thread2,Defense of a film's restrained aesthetic against common criticism
107,"To have gone super flashy and heavy on the tentacle porn would have slipped this into another more obvious genre piece and ultimately detracted from the tension of libido in everyday life being explored.",hot_take,reddit_thread2,Formal argument about why muted aesthetic serves the film's purpose
108,"Besides Stanley Kubrick and David Fincher obviously who actually understands the science of their tools and collaborators?",question,reddit_thread2,Question about directorial technical knowledge with embedded assumption
109,"Does the director know how to create the narrow hard three quarter light on the talent? Do they grasp the nuances of the Meisner technique?",question,reddit_thread2,Specific technical questions unpacking what deep craft knowledge looks like
110,"I watched the Safdie Brothers' Daddy Longlegs yesterday and I really feel like I'm missing something. It was... fine I guess but to be honest only a few scenes really stood out to me.",reaction,reddit_thread2,Personal underwhelmed reaction to a respected film
111,"I think the issue for me was that I didn't like the main character at all and enjoying the film seems to hinge on at least rooting for him which I wasn't.",reaction,reddit_thread2,Personal character identification failure as core of negative reaction
112,"Is there any context or analysis that I'm missing here? It's a film I really want to like since I usually love the Safdies' work.",question,reddit_thread2,Request for help understanding a film the viewer wants to appreciate
113,"I feel like superhero cutesy humor dropped into the middle of very high stakes drama is sort of infecting the whole movie landscape now.",hot_take,reddit_thread2,Industry-wide aesthetic critique - no single film personal reaction
114,"I sat through Project Hail Mary and thoroughly had a great time. However the constant and never ending cutesy humor really took me out of the moment multiple times.",reaction,reddit_thread2,Mixed personal reaction to a specific recent film
115,"Rocky didn't have the personality of an alien. He had the personality of a human being. 100% very human.",hot_take,reddit_thread2,Character authenticity critique - analytical claim about alien characterization
116,"I just wish it would've been more in the vein of Arrival and less in the vein of Guardians of the Galaxy.",reaction,reddit_thread2,Personal preference expressed through film comparison
117,"If the credits rolled and it said directed by James Gunn I wouldn't have been surprised. Because that's the type of humor we have here.",hot_take,reddit_thread2,Directorial comparison used as critique of tonal register
118,"Patrice Chereau's direction is distinguished by a stark almost oppressive realism while still retaining a dimension of theatrical romanticism.",hot_take,reddit_thread2,Formal aesthetic description of a director's style - analytical
119,"The music composed by Goran Bregovic plays a crucial role. As the film was shot against the backdrop of the Bosnian War this collaboration takes on a particular resonance.",hot_take,reddit_thread2,Historical context argument about a film's score
120,"The film gives the impression of a succession of living canvases where each image is conceived as a work of art in its own right.",hot_take,reddit_thread2,Aesthetic argument comparing cinematography to painting
121,"If you've never seen this masterpiece before I highly recommend watching it in its latest restored version.",reaction,reddit_thread2,Personal endorsement based on viewing experience
122,"Why does Neil go after Waingro at the end of the film? As the consummate professional that he is it never made sense to me.",question,reddit_thread2,Plot motivation question about Heat
123,"He's able to detect a trap at the precious metals depository but doesn't expect this one? A hotel is a perfect place to set up a wait and see sting.",hot_take,reddit_thread2,Logical consistency critique of a character's decision
124,"I guess it's the loneliness that comes with Al Pacino and De Niro's characters being unable to back off what they do that gives him no choice.",reaction,reddit_thread2,Personal interpretive attempt to resolve a plot confusion
125,"My experience with Shunji Iwai has been short but very sweet. I watched the original and the animated prequel of Hana and Alice and they were such magical fun lovable movies.",reaction,reddit_thread2,Personal filmmaker discovery narrative with prior positive context
126,"Nothing prepared me for this movie and nothing could have.",reaction,reddit_thread2,Strong affective reaction establishing emotional impact of All About Lily Chou-Chou
127,"As I walk and think back on the movie I can feel my chest hurting. Most sad movies I watch give me heartache in good moderation but this one actually pains me a concerning amount.",reaction,reddit_thread2,Physical/emotional reaction to a film during the walk home after viewing
128,"This is an easy 5/5. As afraid as I am of experiencing this journey again I think this movie has great potential to be even better on rewatch.",reaction,reddit_thread2,Personal rating with reasoning about rewatch value
129,"Feel free to drop some recommendations for traumatizing movies so I can avoid them!",question,reddit_thread2,Tongue-in-cheek community request for recommendations
130,"Director of Scale - Guillermo del Toro. Director of Time - Richard Linklater. Director of Memory - Christopher Nolan.",hot_take,reddit_thread2,Epithet list assigning definitive labels to directors - bold condensed judgments
131,"Director of the Sacred - Andrei Tarkovsky. Director of Remix - Quentin Tarantino. Director of Fate - Coen Bros.",hot_take,reddit_thread2,Continuation of epithet list - evaluative claims about directorial essences
132,"Why are there so many post Vietnam films even in late 1970s nearly 10 years after the war?",question,reddit_thread2,Historical question about industry output timing
133,"What was the use of showing a war that really stopped about 10 years ago? Weren't people getting sick of such films by the end of the 70s?",question,reddit_thread2,Follow-up questions embedded in curiosity about audience reception
134,"Are sequels inherently bad? Is it such a bad idea that a movie gets a sequel?",question,reddit_thread2,Direct normative question to the community about sequels
135,"James Cameron used the setup of Alien and made Aliens which was a great story in the same universe and characters.",hot_take,reddit_thread2,Positive sequel example used to support a pro-sequel argument
136,"Blade Runner 2049 was able to enrich the world and themes of the original and expand on the iconic visual language of cyberpunk.",hot_take,reddit_thread2,Specific sequel cited as evidence of the form's potential
137,"If an original film sets up the architecture of a world and characters and IF there is room to tell more stories with that world wouldn't it be a waste not to?",hot_take,reddit_thread2,Philosophical argument in defense of sequels as a form
138,"I continue to be baffled by Ben Wheatley's career as a director which in some ways mirrors Sam Raimi's early-to-mid career in reverse.",hot_take,reddit_thread2,Career comparison argument framing the essay's central puzzle
139,"Kill List his second film is typically described as a psychological horror crime film. His third Sightseers is a pitch-black romantic comedy about a couple who fall in love while spree-killing their way across England.",hot_take,reddit_thread2,Filmography summary used to establish a director's restless range
140,"That restlessness initially felt like a strength. Wheatley seemed to be doing what ambitious young directors are supposed to do.",hot_take,reddit_thread2,Evaluative claim about early-career directorial behavior
141,"Meg 2 barely feels like a Ben Wheatley film at all. The result is inert.",hot_take,reddit_thread2,Strong negative verdict on a specific film as directorial misalignment
142,"It would be great to see him and Jump work together again because their collaborations while imperfect were often beautiful.",hot_take,reddit_thread2,Normative call for a creative reunion based on career analysis
143,"Is La La Land's ending basically a beautiful lie?",question,reddit_thread2,Framed as a question but contains an embedded interpretive claim
144,"The film gives both characters the shape of resolution without spending much time on what those outcomes actually cost them.",hot_take,reddit_thread2,Structural critique of how the film handles its ending
145,"Does the ending feel powerful because it's truthful or because it knows exactly what to leave out?",question,reddit_thread2,Binary question inviting community interpretation of the ending's mechanism
146,"Can we still create dystopian tales in 2026 and if so how?",question,reddit_thread2,Open creative and critical question from a working filmmaker
147,"Children of Men feels uncomfortably close to our own world like something essential has broken but everything else just kept going.",reaction,reddit_thread2,Personal response to a film's proximity to felt reality
148,"Can we still tell dystopian stories today that feel like the present rather than a future?",question,reddit_thread2,Central question of a filmmaker working through a creative problem
149,"Is dystopia by definition now something that has to exaggerate in order to be legible?",question,reddit_thread2,Philosophical question about genre legibility in the current moment
150,"Films told in non-chronological order are so interesting to me. By choosing to tell a story not in the actual order of how they happened films can do things that chronological stories can't.",reaction,reddit_thread2,Personal enthusiasm for a narrative form as starting point for analysis
151,"Incendies is an incredible movie and made for my first 5 stars in months.",reaction,reddit_thread2,Personal rating milestone attached to a specific film
152,"Because we know what will happen next the scene is way more tense than it would be if we weren't told of Nawal's terrible torture.",hot_take,reddit_thread2,Formal argument about how non-linear structure creates dramatic irony
153,"The Weyland-Yutani Corporation is a terrible employer.",hot_take,reddit_thread2,Mock-serious declarative claim launching an economic reading of Alien
154,"The company has all the leverage. With no bargaining power the workers comply without getting extra pay for overtime work.",hot_take,reddit_thread2,Labor economics argument applied to Alien's plot
155,"What struck me was how intentionally chaotic and uncomfortable the characters are. The movie doesn't try to make the main character likable in the usual way.",reaction,reddit_thread2,Personal observation about a film's unconventional character approach
156,"Does this kind of extreme psychological portrayal make people more interested or does it risk making them feel completely separate from the character?",question,reddit_thread2,Open question to community about viewer identification in difficult films
157,"What was the reaction of film directors when DVD was introduced? Did they claim it would decrease the box office?",question,reddit_thread2,Historical question about industry reaction to a new format
158,"Was it like the response to streaming or were they just okay with it?",question,reddit_thread2,Comparative question linking historical and present industry anxieties
159,"It's a movie I fell in love with when it was released. It was the soundtrack at first.",reaction,reddit_thread2,Personal origin story of love for Vanilla Sky starting with music
160,"Lets discuss Cameron Diaz's performance because it's her best and it's horrifying. The way she nods David into the car for discreet sex.",reaction,reddit_thread2,Enthusiastic personal reading of a specific performance with scene detail
161,"On repeat viewing you are yelling at him no David do not get into her car.",reaction,reddit_thread2,Visceral rewatch experience described in second person
162,"To me it's peak cinema and has aged very gracefully.",reaction,reddit_thread2,Personal superlative verdict on Vanilla Sky
163,"Lately I keep thinking that a lot of today's viewers simply wouldn't have the patience or attention span for something like The Age of Innocence Lost in Translation Mad Men or The Sopranos.",hot_take,reddit_thread2,Generational audience claim about attention and slow cinema
164,"Matt Damon recently talked about how one major streamer asks filmmakers to restate the plot out loud several times and front-load big beats so viewers on their phones can still follow along.",hot_take,reddit_thread2,Industry anecdote used to support claim about streaming's formal demands
165,"If that's your baseline then a movie that trusts you to remember a line from 40 minutes ago or sit with silence is going to feel like homework.",hot_take,reddit_thread2,Argument about how baseline viewing habits shape perception of difficulty
166,"Do you feel like Netflix-style content has actually lowered how people comprehend movies and shows?",question,reddit_thread2,Direct question to community about streaming's cognitive effects
167,"Would something as interior and slow burn as The Age of Innocence or Mad Men even find the same audience if it premiered now?",question,reddit_thread2,Counterfactual question about contemporary reception of slow-burn classics
168,"Do you think the decline of the mid-budget adult drama is the real reason sex and nudity disappeared from theaters?",question,synthetic,Direct causal question targeting a specific industry argument
169,"Has the four-quadrant model actually made movies worse or just different?",question,synthetic,Normative question about industry structure and output quality
170,"Is there a meaningful difference between a film being slow and a film being boring?",question,synthetic,Conceptual question about critical vocabulary
171,"Do intimacy coordinators change the performance itself or just the conditions around it?",question,synthetic,Process question about on-set practice and its effects
172,"Would Taxi Driver get made today and if so would it be by a studio or a streamer?",question,synthetic,Counterfactual question about a canonical film's contemporary viability
173,"Is Nolan's reputation for complexity actually deserved or is it just surface-level puzzle-box structure?",question,synthetic,Challenge question inviting community to evaluate a directorial reputation
174,"Are there any directors working today who feel genuinely dangerous the way early Cronenberg or Cassavetes did?",question,synthetic,Community solicitation question about contemporary risk-taking directors
175,"Why does Hollywood keep remaking films that were perfect the first time instead of remaking ones that had great premises but failed in execution?",question,synthetic,Logical question challenging remake selection logic
176,"Do you think audiences would accept a prestige drama today with the same moral ambiguity as Chinatown?",question,synthetic,Counterfactual question about contemporary appetite for bleak endings
177,"Is the Criterion Collection's canon a genuinely useful guide to great cinema or does it reflect a specific cultural bias?",question,synthetic,Institutional critique question about taste-making and canon formation
178,"I watched Chinatown for the first time last week and sat with the ending for about an hour before I could do anything else.",reaction,synthetic,Aftermath reaction to a canonical ending - temporal detail grounds it
179,"Every time I revisit Mulholland Drive I find myself caring less about decoding it and more about just living inside it.",reaction,synthetic,Evolving personal relationship with a film across multiple viewings
180,"I went into The Zone of Interest expecting to be devastated and instead felt a strange cold clarity I haven't been able to shake.",reaction,synthetic,Unexpected emotional register as the core of a personal viewing reaction
181,"Watched Jeanne Dielman for the first time on a Sunday afternoon and by the end I felt like I had spent a week with her.",reaction,synthetic,Duration and immersion described as a personal felt experience
182,"I saw Dune Part Two in IMAX and even though I had reservations about the screenplay the scale physically overwhelmed me.",reaction,synthetic,Bodily/sensory reaction to theatrical experience despite intellectual reservations
183,"The first time I watched Certified Copy I thought it was about a couple. The second time I wasn't so sure. The third time I gave up trying to decide.",reaction,synthetic,Interpretive instability across viewings described as personal journey
184,"I put on Paterson thinking it would be gentle and fell asleep. I put it on again the next night and cried twice.",reaction,synthetic,Two-attempt viewing arc with contrasting emotional outcomes
185,"Watched Anatomy of a Fall alone on a Friday night and spent the next two hours texting friends asking if they thought he did it.",reaction,synthetic,Social aftermath of watching an ambiguous film - post-screening engagement
186,"I keep recommending The Fits to people and nobody ever follows up with me about it which tells me either they loved it or it broke them.",reaction,synthetic,Pattern of recommendation and silence used to characterize a film's effect
187,"Seeing A Real Pain in a near-empty theater made it feel more intimate in a way that suited the film perfectly.",reaction,synthetic,Exhibition context shaping personal viewing experience
188,"Knocked up rewatching Certified Copy how differently I read the woman's behavior now that I'm older.",reaction,synthetic,Age-related shift in viewer identification described as personal discovery
189,"The ending of The Remains of the Day devastated me in a way that felt shameful - like grief for a life I'd never lived.",reaction,synthetic,Unusual emotional specificity grounding a personal reaction
190,"After watching Stalker I went outside and just stood in my backyard for fifteen minutes not really knowing why.",reaction,synthetic,Post-viewing physical behavior as measure of a film's effect
191,"I find it fascinating that horror consistently outperforms other adult genres at the box office - is that because fear is more socially acceptable than desire?",question,synthetic,Comparative genre question with an embedded psychological hypothesis
192,"Do you think there's a meaningful difference between a film that's intentionally difficult and one that's just poorly made?",question,synthetic,Epistemological question about intentionality and quality
193,"Is the auteur theory still useful or has it become more of a marketing category than a critical tool?",question,synthetic,Critical theory question about the current usefulness of a framework
194,"Why does Hollywood treat comedy as a lesser genre when it's arguably harder to execute well than drama?",question,synthetic,Normative industry question with embedded critical claim
195,"Do you think streaming has made it harder or easier to find genuinely challenging cinema?",question,synthetic,Ambiguous question about streaming's dual effect on discovery
196,"Is there a film you think is objectively great but that you personally can't enjoy - and what does that gap tell you about criticism?",question,synthetic,Introspective community question about the gap between quality and pleasure
197,"Why do so many people defend films they loved as teenagers even when they can clearly see the flaws now?",question,synthetic,Psychological question about nostalgia and critical self-awareness
198,"Is it possible that the films we call slow are actually just calibrated to a different kind of attention than we're used to?",question,synthetic,Reframing question challenging the concept of slowness as a flaw
199,"Do you think film criticism has gotten better or worse in the internet age and what would better even mean?",question,synthetic,Meta-critical question about the state of film discourse
200,"Has CGI actually improved filmmaking or has it just made more things possible at the cost of making fewer things feel real?",question,synthetic,Technology critique question inviting community debate